image,loai,dang,trangthai,split
dataset_demo/img004473.jpg,Chuối xiêm,Trái,Chín,train
dataset_demo/img002956.jpg,Chuối sáp,Trái,Chín,train
dataset_demo/img001885.jpg,Chuối già,Trái,Chín,train
dataset_demo/img001297.jpg,Chuối già,Buồng,Xanh,train
dataset_demo/img001577.jpg,Chuối già,Nải,Xanh,train
dataset_demo/img001575.jpg,Chuối già,Nải,Xanh,train
dataset_demo/img001632.jpg,Chuối già,Nải,Xanh,train
dataset_demo/img004004.jpg,Chuối xiêm,Buồng,Xanh,train
dataset_demo/img004692.jpg,Chuối xiêm,Trái,Xanh,train
dataset_demo/img003546.jpg,Chuối táo quạ,Buồng,Xanh,train
dataset_demo/img002076.jpg,Chuối già,Trái,Xanh,train
dataset_demo/img001769.jpg,Chuối già,Trái,Chín,train
dataset_demo/img002009.jpg,Chuối già,Trái,Chín,train
dataset_demo/img000920.jpg,Chuối cau,Trái,Xanh,train
dataset_demo/img002176.jpg,Chuối già,Trái,Xanh,train
dataset_demo/img002525.jpg,Chuối sáp,Nải,Xanh,train
dataset_demo/img002065.jpg,Chuối già,Trái,Xanh,train
dataset_demo/img002714.jpg,Chuối sáp,Trái,Chín,train
dataset_demo/img001212.jpg,Chuối già,Buồng,Xanh,train
dataset_demo/img000588.jpg,Chuối cau,Trái,Chín,train
dataset_demo/img003599.jpg,Chuối táo quạ,Buồng,Xanh,train
dataset_demo/img003545.jpg,Chuối táo quạ,Buồng,Xanh,train
dataset_demo/img001026.jpg,Chuối cau,Trái,Xanh,train
dataset_demo/img004443.jpg,Chuối xiêm,Trái,Chín,train
dataset_demo/img000546.jpg,Chuối cau,Trái,Chín,train
dataset_demo/img002935.jpg,Chuối sáp,Trái,Chín,train
dataset_demo/img003293.jpg,Chuối sáp,Trái,Xanh,train
dataset_demo/img000382.jpg,Chuối cau,Trái,Chín,train
dataset_demo/img004643.jpg,Chuối xiêm,Trái,Chín,train
dataset_demo/img004691.jpg,Chuối xiêm,Trái,Xanh,train
dataset_demo/img005149.jpg,Chuối xiêm,Trái,Xanh,train
dataset_demo/img004128.jpg,Chuối xiêm,Buồng,Xanh,train
dataset_demo/img001309.jpg,Chuối già,Buồng,Xanh,train
dataset_demo/img003469.jpg,Chuối sáp,Trái,Xanh,train
dataset_demo/img004267.jpg,Chuối xiêm,Nải,Xanh,train
dataset_demo/img001175.jpg,Chuối già,Buồng,Xanh,train
dataset_demo/img001048.jpg,Chuối cau,Trái,Xanh,train
dataset_demo/img004196.jpg,Chuối xiêm,Nải,Chín,train
dataset_demo/img002295.jpg,Chuối sáp,Buồng,Chín,train
dataset_demo/img001518.jpg,Chuối già,Nải,Chín,train
dataset_demo/img000823.jpg,Chuối cau,Trái,Xanh,train
dataset_demo/img003392.jpg,Chuối sáp,Trái,Xanh,train
dataset_demo/img003786.jpg,Chuối táo quạ,Trái,Xanh,train
dataset_demo/img000472.jpg,Chuối cau,Trái,Chín,train
dataset_demo/img003332.jpg,Chuối sáp,Trái,Xanh,train
dataset_demo/img004229.jpg,Chuối xiêm,Nải,Chín,train
dataset_demo/img005035.jpg,Chuối xiêm,Trái,Xanh,train
dataset_demo/img004462.jpg,Chuối xiêm,Trái,Chín,train
dataset_demo/img004215.jpg,Chuối xiêm,Nải,Chín,train
dataset_demo/img000061.jpg,Chuối cau,Buồng,Xanh,train
dataset_demo/img001337.jpg,Chuối già,Buồng,Xanh,train
dataset_demo/img000771.jpg,Chuối cau,Trái,Xanh,train
dataset_demo/img000418.jpg,Chuối cau,Trái,Chín,train
dataset_demo/img000321.jpg,Chuối cau,Nải,Xanh,train
dataset_demo/img002285.jpg,Chuối sáp,Buồng,Chín,train
dataset_demo/img001537.jpg,Chuối già,Nải,Chín,train
dataset_demo/img000261.jpg,Chuối cau,Nải,Chín,train
dataset_demo/img002355.jpg,Chuối sáp,Buồng,Xanh,train
dataset_demo/img000806.jpg,Chuối cau,Trái,Xanh,train
dataset_demo/img000951.jpg,Chuối cau,Trái,Xanh,train
dataset_demo/img000769.jpg,Chuối cau,Trái,Xanh,train
dataset_demo/img001336.jpg,Chuối già,Buồng,Xanh,train
dataset_demo/img001576.jpg,Chuối già,Nải,Xanh,train
dataset_demo/img000760.jpg,Chuối cau,Trái,Xanh,train
dataset_demo/img002181.jpg,Chuối già,Trái,Xanh,train
dataset_demo/img002035.jpg,Chuối già,Trái,Xanh,train
dataset_demo/img000462.jpg,Chuối cau,Trái,Chín,train
dataset_demo/img002884.jpg,Chuối sáp,Trái,Chín,train
dataset_demo/img004553.jpg,Chuối xiêm,Trái,Chín,train
dataset_demo/img003049.jpg,Chuối sáp,Trái,Xanh,train
dataset_demo/img004200.jpg,Chuối xiêm,Nải,Chín,train
dataset_demo/img000207.jpg,Chuối cau,Nải,Chín,train
dataset_demo/img003461.jpg,Chuối sáp,Trái,Xanh,train
dataset_demo/img004395.jpg,Chuối xiêm,Trái,Chín,train
dataset_demo/img003491.jpg,Chuối sáp,Trái,Xanh,train
dataset_demo/img001089.jpg,Chuối cau,Trái,Xanh,train
dataset_demo/img004833.jpg,Chuối xiêm,Trái,Xanh,train
dataset_demo/img000221.jpg,Chuối cau,Nải,Chín,train
dataset_demo/img002485.jpg,Chuối sáp,Nải,Xanh,train
dataset_demo/img005087.jpg,Chuối xiêm,Trái,Xanh,train
dataset_demo/img000359.jpg,Chuối cau,Trái,Chín,train
dataset_demo/img004117.jpg,Chuối xiêm,Buồng,Xanh,train
dataset_demo/img000916.jpg,Chuối cau,Trái,Xanh,train
dataset_demo/img003351.jpg,Chuối sáp,Trái,Xanh,train
dataset_demo/img000208.jpg,Chuối cau,Nải,Chín,train
dataset_demo/img002782.jpg,Chuối sáp,Trái,Chín,train
dataset_demo/img000230.jpg,Chuối cau,Nải,Chín,train
dataset_demo/img000846.jpg,Chuối cau,Trái,Xanh,train
dataset_demo/img001753.jpg,Chuối già,Trái,Chín,train
dataset_demo/img000019.jpg,Chuối cau,Buồng,Chín,train
dataset_demo/img000031.jpg,Chuối cau,Buồng,Chín,train
dataset_demo/img002212.jpg,Chuối già,Trái,Xanh,train
dataset_demo/img001646.jpg,Chuối già,Nải,Xanh,train
dataset_demo/img002922.jpg,Chuối sáp,Trái,Chín,train
dataset_demo/img003742.jpg,Chuối táo quạ,Trái,Chín,train
dataset_demo/img001768.jpg,Chuối già,Trái,Chín,train
dataset_demo/img000698.jpg,Chuối cau,Trái,Chín,train
dataset_demo/img004486.jpg,Chuối xiêm,Trái,Chín,train
dataset_demo/img000675.jpg,Chuối cau,Trái,Chín,train
dataset_demo/img002447.jpg,Chuối sáp,Nải,Chín,train
dataset_demo/img000330.jpg,Chuối cau,Nải,Xanh,train
dataset_demo/img003057.jpg,Chuối sáp,Trái,Xanh,train
dataset_demo/img002998.jpg,Chuối sáp,Trái,Xanh,train
dataset_demo/img004455.jpg,Chuối xiêm,Trái,Chín,train
dataset_demo/img004639.jpg,Chuối xiêm,Trái,Chín,train
dataset_demo/img001809.jpg,Chuối già,Trái,Chín,train
dataset_demo/img004420.jpg,Chuối xiêm,Trái,Chín,train
dataset_demo/img001226.jpg,Chuối già,Buồng,Xanh,train
dataset_demo/img003837.jpg,Chuối xiêm,Buồng,Chín,train
dataset_demo/img000604.jpg,Chuối cau,Trái,Chín,train
dataset_demo/img000660.jpg,Chuối cau,Trái,Chín,train
dataset_demo/img003490.jpg,Chuối sáp,Trái,Xanh,train
dataset_demo/img000028.jpg,Chuối cau,Buồng,Chín,train
dataset_demo/img000379.jpg,Chuối cau,Trái,Chín,train
dataset_demo/img000577.jpg,Chuối cau,Trái,Chín,train
dataset_demo/img000204.jpg,Chuối cau,Nải,Chín,train
dataset_demo/img002757.jpg,Chuối sáp,Trái,Chín,train
dataset_demo/img002811.jpg,Chuối sáp,Trái,Chín,train
dataset_demo/img000067.jpg,Chuối cau,Buồng,Xanh,train
dataset_demo/img002770.jpg,Chuối sáp,Trái,Chín,train
dataset_demo/img000414.jpg,Chuối cau,Trái,Chín,train
dataset_demo/img002206.jpg,Chuối già,Trái,Xanh,train
dataset_demo/img004389.jpg,Chuối xiêm,Trái,Chín,train
dataset_demo/img002191.jpg,Chuối già,Trái,Xanh,train
dataset_demo/img003658.jpg,Chuối táo quạ,Nải,Chín,train
dataset_demo/img001764.jpg,Chuối già,Trái,Chín,train
dataset_demo/img003266.jpg,Chuối sáp,Trái,Xanh,train
dataset_demo/img001781.jpg,Chuối già,Trái,Chín,train
dataset_demo/img004816.jpg,Chuối xiêm,Trái,Xanh,train
dataset_demo/img000079.jpg,Chuối cau,Buồng,Xanh,train
dataset_demo/img004872.jpg,Chuối xiêm,Trái,Xanh,train
dataset_demo/img003223.jpg,Chuối sáp,Trái,Xanh,train
dataset_demo/img004607.jpg,Chuối xiêm,Trái,Chín,train
dataset_demo/img005033.jpg,Chuối xiêm,Trái,Xanh,train
dataset_demo/img001148.jpg,Chuối già,Buồng,Xanh,train
dataset_demo/img003177.jpg,Chuối sáp,Trái,Xanh,train
dataset_demo/img000831.jpg,Chuối cau,Trái,Xanh,train
dataset_demo/img003755.jpg,Chuối táo quạ,Trái,Chín,train
dataset_demo/img004951.jpg,Chuối xiêm,Trái,Xanh,train
dataset_demo/img002051.jpg,Chuối già,Trái,Xanh,train
dataset_demo/img005111.jpg,Chuối xiêm,Trái,Xanh,train
dataset_demo/img003487.jpg,Chuối sáp,Trái,Xanh,train
dataset_demo/img004765.jpg,Chuối xiêm,Trái,Xanh,train
dataset_demo/img000500.jpg,Chuối cau,Trái,Chín,train
dataset_demo/img004932.jpg,Chuối xiêm,Trái,Xanh,train
dataset_demo/img001593.jpg,Chuối già,Nải,Xanh,train
dataset_demo/img002965.jpg,Chuối sáp,Trái,Xanh,train
dataset_demo/img004577.jpg,Chuối xiêm,Trái,Chín,train
dataset_demo/img003650.jpg,Chuối táo quạ,Nải,Chín,train
dataset_demo/img005129.jpg,Chuối xiêm,Trái,Xanh,train
dataset_demo/img003791.jpg,Chuối táo quạ,Trái,Xanh,train
dataset_demo/img001844.jpg,Chuối già,Trái,Chín,train
dataset_demo/img001685.jpg,Chuối già,Trái,Chín,train
dataset_demo/img003008.jpg,Chuối sáp,Trái,Xanh,train
dataset_demo/img000483.jpg,Chuối cau,Trái,Chín,train
dataset_demo/img004202.jpg,Chuối xiêm,Nải,Chín,train
dataset_demo/img001823.jpg,Chuối già,Trái,Chín,train
dataset_demo/img001087.jpg,Chuối cau,Trái,Xanh,train
dataset_demo/img000556.jpg,Chuối cau,Trái,Chín,train
dataset_demo/img004378.jpg,Chuối xiêm,Trái,Chín,train
dataset_demo/img004930.jpg,Chuối xiêm,Trái,Xanh,train
dataset_demo/img004864.jpg,Chuối xiêm,Trái,Xanh,train
dataset_demo/img002729.jpg,Chuối sáp,Trái,Chín,train
dataset_demo/img001895.jpg,Chuối già,Trái,Chín,train
dataset_demo/img003138.jpg,Chuối sáp,Trái,Xanh,train
dataset_demo/img001734.jpg,Chuối già,Trái,Chín,train
dataset_demo/img000560.jpg,Chuối cau,Trái,Chín,train
dataset_demo/img000420.jpg,Chuối cau,Trái,Chín,train
dataset_demo/img004186.jpg,Chuối xiêm,Nải,Chín,train
dataset_demo/img000484.jpg,Chuối cau,Trái,Chín,train
dataset_demo/img002190.jpg,Chuối già,Trái,Xanh,train
dataset_demo/img002343.jpg,Chuối sáp,Buồng,Xanh,train
dataset_demo/img005055.jpg,Chuối xiêm,Trái,Xanh,train
dataset_demo/img003321.jpg,Chuối sáp,Trái,Xanh,train
dataset_demo/img002804.jpg,Chuối sáp,Trái,Chín,train
dataset_demo/img000346.jpg,Chuối cau,Nải,Xanh,train
dataset_demo/img005167.jpg,Chuối xiêm,Trái,Xanh,train
dataset_demo/img000649.jpg,Chuối cau,Trái,Chín,train
dataset_demo/img002889.jpg,Chuối sáp,Trái,Chín,train
dataset_demo/img002296.jpg,Chuối sáp,Buồng,Chín,train
dataset_demo/img002164.jpg,Chuối già,Trái,Xanh,train
dataset_demo/img003817.jpg,Chuối táo quạ,Trái,Xanh,train
dataset_demo/img004768.jpg,Chuối xiêm,Trái,Xanh,train
dataset_demo/img002171.jpg,Chuối già,Trái,Xanh,train
dataset_demo/img004533.jpg,Chuối xiêm,Trái,Chín,train
dataset_demo/img001600.jpg,Chuối già,Nải,Xanh,train
dataset_demo/img002990.jpg,Chuối sáp,Trái,Xanh,train
dataset_demo/img003354.jpg,Chuối sáp,Trái,Xanh,train
dataset_demo/img001034.jpg,Chuối cau,Trái,Xanh,train
dataset_demo/img002602.jpg,Chuối sáp,Trái,Chín,train
dataset_demo/img001300.jpg,Chuối già,Buồng,Xanh,train
dataset_demo/img005133.jpg,Chuối xiêm,Trái,Xanh,train
dataset_demo/img000875.jpg,Chuối cau,Trái,Xanh,train
dataset_demo/img004976.jpg,Chuối xiêm,Trái,Xanh,train
dataset_demo/img003158.jpg,Chuối sáp,Trái,Xanh,train
dataset_demo/img000657.jpg,Chuối cau,Trái,Chín,train
dataset_demo/img002193.jpg,Chuối già,Trái,Xanh,train
dataset_demo/img004865.jpg,Chuối xiêm,Trái,Xanh,train
dataset_demo/img000486.jpg,Chuối cau,Trái,Chín,train
dataset_demo/img003483.jpg,Chuối sáp,Trái,Xanh,train
dataset_demo/img003359.jpg,Chuối sáp,Trái,Xanh,train
dataset_demo/img004284.jpg,Chuối xiêm,Nải,Xanh,train
dataset_demo/img003883.jpg,Chuối xiêm,Buồng,Chín,train
dataset_demo/img003853.jpg,Chuối xiêm,Buồng,Chín,train
dataset_demo/img001859.jpg,Chuối già,Trái,Chín,train
dataset_demo/img000841.jpg,Chuối cau,Trái,Xanh,train
dataset_demo/img000004.jpg,Chuối cau,Buồng,Chín,train
dataset_demo/img001278.jpg,Chuối già,Buồng,Xanh,train
dataset_demo/img002812.jpg,Chuối sáp,Trái,Chín,train
dataset_demo/img000248.jpg,Chuối cau,Nải,Chín,train
dataset_demo/img003289.jpg,Chuối sáp,Trái,Xanh,train
dataset_demo/img000584.jpg,Chuối cau,Trái,Chín,train
dataset_demo/img004990.jpg,Chuối xiêm,Trái,Xanh,train
dataset_demo/img004231.jpg,Chuối xiêm,Nải,Chín,train
dataset_demo/img004722.jpg,Chuối xiêm,Trái,Xanh,train
dataset_demo/img001943.jpg,Chuối già,Trái,Chín,train
dataset_demo/img004408.jpg,Chuối xiêm,Trái,Chín,train
dataset_demo/img004919.jpg,Chuối xiêm,Trái,Xanh,train
dataset_demo/img000264.jpg,Chuối cau,Nải,Chín,train
dataset_demo/img002558.jpg,Chuối sáp,Nải,Xanh,train
dataset_demo/img001153.jpg,Chuối già,Buồng,Xanh,train
dataset_demo/img004548.jpg,Chuối xiêm,Trái,Chín,train
dataset_demo/img003323.jpg,Chuối sáp,Trái,Xanh,train
dataset_demo/img002250.jpg,Chuối già,Trái,Xanh,train
dataset_demo/img001273.jpg,Chuối già,Buồng,Xanh,train
dataset_demo/img000796.jpg,Chuối cau,Trái,Xanh,train
dataset_demo/img003130.jpg,Chuối sáp,Trái,Xanh,train
dataset_demo/img000600.jpg,Chuối cau,Trái,Chín,train
dataset_demo/img000175.jpg,Chuối cau,Nải,Chín,train
dataset_demo/img003744.jpg,Chuối táo quạ,Trái,Chín,train
dataset_demo/img004675.jpg,Chuối xiêm,Trái,Xanh,train
dataset_demo/img003556.jpg,Chuối táo quạ,Buồng,Xanh,train
dataset_demo/img004999.jpg,Chuối xiêm,Trái,Xanh,train
dataset_demo/img000892.jpg,Chuối cau,Trái,Xanh,train
dataset_demo/img002297.jpg,Chuối sáp,Buồng,Chín,train
dataset_demo/img001759.jpg,Chuối già,Trái,Chín,train
dataset_demo/img004588.jpg,Chuối xiêm,Trái,Chín,train
dataset_demo/img000197.jpg,Chuối cau,Nải,Chín,train
dataset_demo/img002469.jpg,Chuối sáp,Nải,Chín,train
dataset_demo/img003129.jpg,Chuối sáp,Trái,Xanh,train
dataset_demo/img001883.jpg,Chuối già,Trái,Chín,train
dataset_demo/img005185.jpg,Chuối xiêm,Trái,Xanh,train
dataset_demo/img004304.jpg,Chuối xiêm,Trái,Chín,train
dataset_demo/img003402.jpg,Chuối sáp,Trái,Xanh,train
dataset_demo/img003151.jpg,Chuối sáp,Trái,Xanh,train
dataset_demo/img002731.jpg,Chuối sáp,Trái,Chín,train
dataset_demo/img000942.jpg,Chuối cau,Trái,Xanh,train
dataset_demo/img002681.jpg,Chuối sáp,Trái,Chín,train
dataset_demo/img002024.jpg,Chuối già,Trái,Xanh,train
dataset_demo/img002697.jpg,Chuối sáp,Trái,Chín,train
dataset_demo/img003137.jpg,Chuối sáp,Trái,Xanh,train
dataset_demo/img004460.jpg,Chuối xiêm,Trái,Chín,train
dataset_demo/img004571.jpg,Chuối xiêm,Trái,Chín,train
dataset_demo/img002426.jpg,Chuối sáp,Nải,Chín,train
dataset_demo/img003933.jpg,Chuối xiêm,Buồng,Xanh,train
dataset_demo/img002049.jpg,Chuối già,Trái,Xanh,train
dataset_demo/img001773.jpg,Chuối già,Trái,Chín,train
dataset_demo/img003584.jpg,Chuối táo quạ,Buồng,Xanh,train
dataset_demo/img002300.jpg,Chuối sáp,Buồng,Chín,train
dataset_demo/img000082.jpg,Chuối cau,Buồng,Xanh,train
dataset_demo/img001665.jpg,Chuối già,Nải,Xanh,train
dataset_demo/img003084.jpg,Chuối sáp,Trái,Xanh,train
dataset_demo/img001652.jpg,Chuối già,Nải,Xanh,train
dataset_demo/img002185.jpg,Chuối già,Trái,Xanh,train
dataset_demo/img004789.jpg,Chuối xiêm,Trái,Xanh,train
dataset_demo/img001573.jpg,Chuối già,Nải,Xanh,train
dataset_demo/img003534.jpg,Chuối táo quạ,Buồng,Xanh,train
dataset_demo/img001894.jpg,Chuối già,Trái,Chín,train
dataset_demo/img002353.jpg,Chuối sáp,Buồng,Xanh,train
dataset_demo/img000763.jpg,Chuối cau,Trái,Xanh,train
dataset_demo/img003310.jpg,Chuối sáp,Trái,Xanh,train
dataset_demo/img003647.jpg,Chuối táo quạ,Nải,Chín,train
dataset_demo/img001817.jpg,Chuối già,Trái,Chín,train
dataset_demo/img000776.jpg,Chuối cau,Trái,Xanh,train
dataset_demo/img000852.jpg,Chuối cau,Trái,Xanh,train
dataset_demo/img000365.jpg,Chuối cau,Trái,Chín,train
dataset_demo/img003481.jpg,Chuối sáp,Trái,Xanh,train
dataset_demo/img000367.jpg,Chuối cau,Trái,Chín,train
dataset_demo/img004631.jpg,Chuối xiêm,Trái,Chín,train
dataset_demo/img001955.jpg,Chuối già,Trái,Chín,train
dataset_demo/img002609.jpg,Chuối sáp,Trái,Chín,train
dataset_demo/img000565.jpg,Chuối cau,Trái,Chín,train
dataset_demo/img001992.jpg,Chuối già,Trái,Chín,train
dataset_demo/img003370.jpg,Chuối sáp,Trái,Xanh,train
dataset_demo/img001691.jpg,Chuối già,Trái,Chín,train
dataset_demo/img001739.jpg,Chuối già,Trái,Chín,train
dataset_demo/img003782.jpg,Chuối táo quạ,Trái,Xanh,train
dataset_demo/img004495.jpg,Chuối xiêm,Trái,Chín,train
dataset_demo/img004796.jpg,Chuối xiêm,Trái,Xanh,train
dataset_demo/img001075.jpg,Chuối cau,Trái,Xanh,train
dataset_demo/img000995.jpg,Chuối cau,Trái,Xanh,train
dataset_demo/img003707.jpg,Chuối táo quạ,Nải,Xanh,train
dataset_demo/img004882.jpg,Chuối xiêm,Trái,Xanh,train
dataset_demo/img001968.jpg,Chuối già,Trái,Chín,train
dataset_demo/img004367.jpg,Chuối xiêm,Trái,Chín,train
dataset_demo/img003012.jpg,Chuối sáp,Trái,Xanh,train
dataset_demo/img003088.jpg,Chuối sáp,Trái,Xanh,train
dataset_demo/img004787.jpg,Chuối xiêm,Trái,Xanh,train
dataset_demo/img004161.jpg,Chuối xiêm,Nải,Chín,train
dataset_demo/img003798.jpg,Chuối táo quạ,Trái,Xanh,train
dataset_demo/img001046.jpg,Chuối cau,Trái,Xanh,train
dataset_demo/img003558.jpg,Chuối táo quạ,Buồng,Xanh,train
dataset_demo/img000005.jpg,Chuối cau,Buồng,Chín,train
dataset_demo/img002616.jpg,Chuối sáp,Trái,Chín,train
dataset_demo/img003597.jpg,Chuối táo quạ,Buồng,Xanh,train
dataset_demo/img004514.jpg,Chuối xiêm,Trái,Chín,train
dataset_demo/img001926.jpg,Chuối già,Trái,Chín,train
dataset_demo/img000524.jpg,Chuối cau,Trái,Chín,train
dataset_demo/img002305.jpg,Chuối sáp,Buồng,Chín,train
dataset_demo/img002503.jpg,Chuối sáp,Nải,Xanh,train
dataset_demo/img002301.jpg,Chuối sáp,Buồng,Chín,train
dataset_demo/img001974.jpg,Chuối già,Trái,Chín,train
dataset_demo/img000880.jpg,Chuối cau,Trái,Xanh,train
dataset_demo/img004070.jpg,Chuối xiêm,Buồng,Xanh,train
dataset_demo/img002550.jpg,Chuối sáp,Nải,Xanh,train
dataset_demo/img005011.jpg,Chuối xiêm,Trái,Xanh,train
dataset_demo/img003459.jpg,Chuối sáp,Trái,Xanh,train
dataset_demo/img002055.jpg,Chuối già,Trái,Xanh,train
dataset_demo/img001367.jpg,Chuối già,Buồng,Xanh,train
dataset_demo/img001738.jpg,Chuối già,Trái,Chín,train
dataset_demo/img000573.jpg,Chuối cau,Trái,Chín,train
dataset_demo/img003703.jpg,Chuối táo quạ,Nải,Xanh,train
dataset_demo/img004597.jpg,Chuối xiêm,Trái,Chín,train
dataset_demo/img000015.jpg,Chuối cau,Buồng,Chín,train
dataset_demo/img003296.jpg,Chuối sáp,Trái,Xanh,train
dataset_demo/img002856.jpg,Chuối sáp,Trái,Chín,train
dataset_demo/img005194.jpg,Chuối xiêm,Trái,Xanh,train
dataset_demo/img003125.jpg,Chuối sáp,Trái,Xanh,train
dataset_demo/img002063.jpg,Chuối già,Trái,Xanh,train
dataset_demo/img000567.jpg,Chuối cau,Trái,Chín,train
dataset_demo/img001649.jpg,Chuối già,Nải,Xanh,train
dataset_demo/img001924.jpg,Chuối già,Trái,Chín,train
dataset_demo/img001589.jpg,Chuối già,Nải,Xanh,train
dataset_demo/img004582.jpg,Chuối xiêm,Trái,Chín,train
dataset_demo/img002842.jpg,Chuối sáp,Trái,Chín,train
dataset_demo/img000389.jpg,Chuối cau,Trái,Chín,train
dataset_demo/img002272.jpg,Chuối già,Trái,Xanh,train
dataset_demo/img004926.jpg,Chuối xiêm,Trái,Xanh,train
dataset_demo/img002025.jpg,Chuối già,Trái,Xanh,train
dataset_demo/img001395.jpg,Chuối già,Buồng,Xanh,train
dataset_demo/img003862.jpg,Chuối xiêm,Buồng,Chín,train
dataset_demo/img004182.jpg,Chuối xiêm,Nải,Chín,train
dataset_demo/img002158.jpg,Chuối già,Trái,Xanh,train
dataset_demo/img002737.jpg,Chuối sáp,Trái,Chín,train
dataset_demo/img000798.jpg,Chuối cau,Trái,Xanh,train
dataset_demo/img001315.jpg,Chuối già,Buồng,Xanh,train
dataset_demo/img004801.jpg,Chuối xiêm,Trái,Xanh,train
dataset_demo/img004915.jpg,Chuối xiêm,Trái,Xanh,train
dataset_demo/img002188.jpg,Chuối già,Trái,Xanh,train
dataset_demo/img001904.jpg,Chuối già,Trái,Chín,train
dataset_demo/img005052.jpg,Chuối xiêm,Trái,Xanh,val
dataset_demo/img003614.jpg,Chuối táo quạ,Buồng,Xanh,val
dataset_demo/img002680.jpg,Chuối sáp,Trái,Chín,val
dataset_demo/img005014.jpg,Chuối xiêm,Trái,Xanh,val
dataset_demo/img001945.jpg,Chuối già,Trái,Chín,val
dataset_demo/img000949.jpg,Chuối cau,Trái,Xanh,val
dataset_demo/img002327.jpg,Chuối sáp,Buồng,Xanh,val
dataset_demo/img003726.jpg,Chuối táo quạ,Nải,Xanh,val
dataset_demo/img003900.jpg,Chuối xiêm,Buồng,Xanh,val
dataset_demo/img003904.jpg,Chuối xiêm,Buồng,Xanh,val
dataset_demo/img002927.jpg,Chuối sáp,Trái,Chín,val
dataset_demo/img001465.jpg,Chuối già,Nải,Chín,val
dataset_demo/img000162.jpg,Chuối cau,Buồng,Xanh,val
dataset_demo/img000299.jpg,Chuối cau,Nải,Xanh,val
dataset_demo/img002544.jpg,Chuối sáp,Nải,Xanh,val
dataset_demo/img000266.jpg,Chuối cau,Nải,Chín,val
dataset_demo/img002482.jpg,Chuối sáp,Nải,Xanh,val
dataset_demo/img002596.jpg,Chuối sáp,Trái,Chín,val
dataset_demo/img002194.jpg,Chuối già,Trái,Xanh,val
dataset_demo/img003311.jpg,Chuối sáp,Trái,Xanh,val
dataset_demo/img001840.jpg,Chuối già,Trái,Chín,val
dataset_demo/img002615.jpg,Chuối sáp,Trái,Chín,val
dataset_demo/img001357.jpg,Chuối già,Buồng,Xanh,val
dataset_demo/img000572.jpg,Chuối cau,Trái,Chín,val
dataset_demo/img001343.jpg,Chuối già,Buồng,Xanh,val
dataset_demo/img001104.jpg,Chuối cau,Trái,Xanh,val
dataset_demo/img001257.jpg,Chuối già,Buồng,Xanh,val
dataset_demo/img003133.jpg,Chuối sáp,Trái,Xanh,val
dataset_demo/img002230.jpg,Chuối già,Trái,Xanh,val
dataset_demo/img002155.jpg,Chuối già,Trái,Xanh,val
dataset_demo/img003971.jpg,Chuối xiêm,Buồng,Xanh,val
dataset_demo/img000705.jpg,Chuối cau,Trái,Chín,val
dataset_demo/img002105.jpg,Chuối già,Trái,Xanh,val
dataset_demo/img004256.jpg,Chuối xiêm,Nải,Xanh,val
dataset_demo/img001822.jpg,Chuối già,Trái,Chín,val
dataset_demo/img001024.jpg,Chuối cau,Trái,Xanh,val
dataset_demo/img004509.jpg,Chuối xiêm,Trái,Chín,val
dataset_demo/img000902.jpg,Chuối cau,Trái,Xanh,val
dataset_demo/img000570.jpg,Chuối cau,Trái,Chín,val
dataset_demo/img000620.jpg,Chuối cau,Trái,Chín,val
dataset_demo/img000528.jpg,Chuối cau,Trái,Chín,val
dataset_demo/img004181.jpg,Chuối xiêm,Nải,Chín,val
dataset_demo/img004437.jpg,Chuối xiêm,Trái,Chín,val
dataset_demo/img004825.jpg,Chuối xiêm,Trái,Xanh,val
dataset_demo/img002078.jpg,Chuối già,Trái,Xanh,val
dataset_demo/img002987.jpg,Chuối sáp,Trái,Xanh,val
dataset_demo/img003420.jpg,Chuối sáp,Trái,Xanh,val
dataset_demo/img002429.jpg,Chuối sáp,Nải,Chín,val
dataset_demo/img000716.jpg,Chuối cau,Trái,Chín,val
dataset_demo/img000329.jpg,Chuối cau,Nải,Xanh,val
dataset_demo/img001478.jpg,Chuối già,Nải,Chín,val
dataset_demo/img000748.jpg,Chuối cau,Trái,Chín,val
dataset_demo/img000948.jpg,Chuối cau,Trái,Xanh,val
dataset_demo/img005118.jpg,Chuối xiêm,Trái,Xanh,val
dataset_demo/img002369.jpg,Chuối sáp,Buồng,Xanh,val
dataset_demo/img003528.jpg,Chuối táo quạ,Buồng,Chín,val
dataset_demo/img004014.jpg,Chuối xiêm,Buồng,Xanh,val
dataset_demo/img000598.jpg,Chuối cau,Trái,Chín,val
dataset_demo/img001587.jpg,Chuối già,Nải,Xanh,val
dataset_demo/img001814.jpg,Chuối già,Trái,Chín,val
dataset_demo/img004379.jpg,Chuối xiêm,Trái,Chín,val
dataset_demo/img003814.jpg,Chuối táo quạ,Trái,Xanh,val
dataset_demo/img002598.jpg,Chuối sáp,Trái,Chín,val
dataset_demo/img001958.jpg,Chuối già,Trái,Chín,val
dataset_demo/img003921.jpg,Chuối xiêm,Buồng,Xanh,val
dataset_demo/img004830.jpg,Chuối xiêm,Trái,Xanh,val
dataset_demo/img001218.jpg,Chuối già,Buồng,Xanh,val
dataset_demo/img002389.jpg,Chuối sáp,Buồng,Xanh,val
dataset_demo/img004711.jpg,Chuối xiêm,Trái,Xanh,val
dataset_demo/img004642.jpg,Chuối xiêm,Trái,Chín,val
dataset_demo/img002746.jpg,Chuối sáp,Trái,Chín,val
dataset_demo/img002490.jpg,Chuối sáp,Nải,Xanh,val
dataset_demo/img004216.jpg,Chuối xiêm,Nải,Chín,val
dataset_demo/img000447.jpg,Chuối cau,Trái,Chín,val
dataset_demo/img001746.jpg,Chuối già,Trái,Chín,val
dataset_demo/img003773.jpg,Chuối táo quạ,Trái,Chín,test
dataset_demo/img002594.jpg,Chuối sáp,Trái,Chín,test
dataset_demo/img001312.jpg,Chuối già,Buồng,Xanh,test
dataset_demo/img000768.jpg,Chuối cau,Trái,Xanh,test
dataset_demo/img002901.jpg,Chuối sáp,Trái,Chín,test
dataset_demo/img000986.jpg,Chuối cau,Trái,Xanh,test
dataset_demo/img003758.jpg,Chuối táo quạ,Trái,Chín,test
dataset_demo/img000056.jpg,Chuối cau,Buồng,Xanh,test
dataset_demo/img004826.jpg,Chuối xiêm,Trái,Xanh,test
dataset_demo/img004657.jpg,Chuối xiêm,Trái,Xanh,test
dataset_demo/img001980.jpg,Chuối già,Trái,Chín,test
dataset_demo/img001484.jpg,Chuối già,Nải,Chín,test
dataset_demo/img002204.jpg,Chuối già,Trái,Xanh,test
dataset_demo/img003397.jpg,Chuối sáp,Trái,Xanh,test
dataset_demo/img000317.jpg,Chuối cau,Nải,Xanh,test
dataset_demo/img000097.jpg,Chuối cau,Buồng,Xanh,test
dataset_demo/img002039.jpg,Chuối già,Trái,Xanh,test
dataset_demo/img002514.jpg,Chuối sáp,Nải,Xanh,test
dataset_demo/img002455.jpg,Chuối sáp,Nải,Chín,test
dataset_demo/img000810.jpg,Chuối cau,Trái,Xanh,test
dataset_demo/img001440.jpg,Chuối già,Nải,Chín,test
dataset_demo/img000123.jpg,Chuối cau,Buồng,Xanh,test
dataset_demo/img002664.jpg,Chuối sáp,Trái,Chín,test
dataset_demo/img002020.jpg,Chuối già,Trái,Xanh,test
dataset_demo/img003267.jpg,Chuối sáp,Trái,Xanh,test
dataset_demo/img004707.jpg,Chuối xiêm,Trái,Xanh,test
dataset_demo/img004438.jpg,Chuối xiêm,Trái,Chín,test
dataset_demo/img003180.jpg,Chuối sáp,Trái,Xanh,test
dataset_demo/img001076.jpg,Chuối cau,Trái,Xanh,test
dataset_demo/img000889.jpg,Chuối cau,Trái,Xanh,test
dataset_demo/img000478.jpg,Chuối cau,Trái,Chín,test
dataset_demo/img001328.jpg,Chuối già,Buồng,Xanh,test
dataset_demo/img004006.jpg,Chuối xiêm,Buồng,Xanh,test
dataset_demo/img000469.jpg,Chuối cau,Trái,Chín,test
dataset_demo/img002794.jpg,Chuối sáp,Trái,Chín,test
dataset_demo/img002477.jpg,Chuối sáp,Nải,Xanh,test
dataset_demo/img003299.jpg,Chuối sáp,Trái,Xanh,test
dataset_demo/img002578.jpg,Chuối sáp,Trái,Chín,test
dataset_demo/img003920.jpg,Chuối xiêm,Buồng,Xanh,test
dataset_demo/img003013.jpg,Chuối sáp,Trái,Xanh,test
dataset_demo/img000585.jpg,Chuối cau,Trái,Chín,test
dataset_demo/img004567.jpg,Chuối xiêm,Trái,Chín,test
dataset_demo/img004030.jpg,Chuối xiêm,Buồng,Xanh,test
dataset_demo/img001271.jpg,Chuối già,Buồng,Xanh,test
dataset_demo/img001647.jpg,Chuối già,Nải,Xanh,test
dataset_demo/img001055.jpg,Chuối cau,Trái,Xanh,test
dataset_demo/img000621.jpg,Chuối cau,Trái,Chín,test
dataset_demo/img004463.jpg,Chuối xiêm,Trái,Chín,test
dataset_demo/img004512.jpg,Chuối xiêm,Trái,Chín,test
dataset_demo/img001477.jpg,Chuối già,Nải,Chín,test
dataset_demo/img002833.jpg,Chuối sáp,Trái,Chín,test
dataset_demo/img002567.jpg,Chuối sáp,Trái,Chín,test
dataset_demo/img005117.jpg,Chuối xiêm,Trái,Xanh,test
dataset_demo/img003494.jpg,Chuối sáp,Trái,Xanh,test
dataset_demo/img000503.jpg,Chuối cau,Trái,Chín,test
dataset_demo/img004449.jpg,Chuối xiêm,Trái,Chín,test
dataset_demo/img000899.jpg,Chuối cau,Trái,Xanh,test
dataset_demo/img003613.jpg,Chuối táo quạ,Buồng,Xanh,test
dataset_demo/img001138.jpg,Chuối già,Buồng,Chín,test
dataset_demo/img001846.jpg,Chuối già,Trái,Chín,test
dataset_demo/img004009.jpg,Chuối xiêm,Buồng,Xanh,test
dataset_demo/img003902.jpg,Chuối xiêm,Buồng,Xanh,test
dataset_demo/img000843.jpg,Chuối cau,Trái,Xanh,test
dataset_demo/img001801.jpg,Chuối già,Trái,Chín,test
dataset_demo/img000917.jpg,Chuối cau,Trái,Xanh,test
dataset_demo/img001353.jpg,Chuối già,Buồng,Xanh,test
dataset_demo/img001406.jpg,Chuối già,Buồng,Xanh,test
dataset_demo/img003052.jpg,Chuối sáp,Trái,Xanh,test
dataset_demo/img001294.jpg,Chuối già,Buồng,Xanh,test
dataset_demo/img004774.jpg,Chuối xiêm,Trái,Xanh,test
dataset_demo/img004586.jpg,Chuối xiêm,Trái,Chín,test
dataset_demo/img003586.jpg,Chuối táo quạ,Buồng,Xanh,test
dataset_demo/img004564.jpg,Chuối xiêm,Trái,Chín,test
dataset_demo/img004327.jpg,Chuối xiêm,Trái,Chín,test
dataset_demo/img001743.jpg,Chuối già,Trái,Chín,test
