image,loai,dang,trangthai
image/img004473.jpg,Chuối xiêm,Trái,Chín
image/img002956.jpg,Chuối sáp,Trái,Chín
image/img001885.jpg,Chuối già,Trái,Chín
image/img001297.jpg,Chuối già,Buồng,Xanh
image/img001577.jpg,Chuối già,Nải,Xanh
image/img001575.jpg,Chuối già,Nải,Xanh
image/img001632.jpg,Chuối già,Nải,Xanh
image/img004004.jpg,Chuối xiêm,Buồng,Xanh
image/img004692.jpg,Chuối xiêm,Trái,Xanh
image/img003546.jpg,Chuối táo quạ,Buồng,Xanh
image/img002076.jpg,Chuối già,Trái,Xanh
image/img001769.jpg,Chuối già,Trái,Chín
image/img002009.jpg,Chuối già,Trái,Chín
image/img000920.jpg,Chuối cau,Trái,Xanh
image/img002176.jpg,Chuối già,Trái,Xanh
image/img002525.jpg,Chuối sáp,Nải,Xanh
image/img002065.jpg,Chuối già,Trái,Xanh
image/img002714.jpg,Chuối sáp,Trái,Chín
image/img001212.jpg,Chuối già,Buồng,Xanh
image/img000588.jpg,Chuối cau,Trái,Chín
image/img003599.jpg,Chuối táo quạ,Buồng,Xanh
image/img003545.jpg,Chuối táo quạ,Buồng,Xanh
image/img001026.jpg,Chuối cau,Trái,Xanh
image/img004443.jpg,Chuối xiêm,Trái,Chín
image/img000546.jpg,Chuối cau,Trái,Chín
image/img002935.jpg,Chuối sáp,Trái,Chín
image/img003293.jpg,Chuối sáp,Trái,Xanh
image/img000382.jpg,Chuối cau,Trái,Chín
image/img004643.jpg,Chuối xiêm,Trái,Chín
image/img004691.jpg,Chuối xiêm,Trái,Xanh
image/img005149.jpg,Chuối xiêm,Trái,Xanh
image/img004128.jpg,Chuối xiêm,Buồng,Xanh
image/img001309.jpg,Chuối già,Buồng,Xanh
image/img003469.jpg,Chuối sáp,Trái,Xanh
image/img004267.jpg,Chuối xiêm,Nải,Xanh
image/img001175.jpg,Chuối già,Buồng,Xanh
image/img001048.jpg,Chuối cau,Trái,Xanh
image/img004196.jpg,Chuối xiêm,Nải,Chín
image/img002295.jpg,Chuối sáp,Buồng,Chín
image/img001518.jpg,Chuối già,Nải,Chín
image/img000823.jpg,Chuối cau,Trái,Xanh
image/img003392.jpg,Chuối sáp,Trái,Xanh
image/img003786.jpg,Chuối táo quạ,Trái,Xanh
image/img000472.jpg,Chuối cau,Trái,Chín
image/img003332.jpg,Chuối sáp,Trái,Xanh
image/img004229.jpg,Chuối xiêm,Nải,Chín
image/img005035.jpg,Chuối xiêm,Trái,Xanh
image/img004462.jpg,Chuối xiêm,Trái,Chín
image/img004215.jpg,Chuối xiêm,Nải,Chín
image/img000061.jpg,Chuối cau,Buồng,Xanh
image/img001337.jpg,Chuối già,Buồng,Xanh
image/img000771.jpg,Chuối cau,Trái,Xanh
image/img000418.jpg,Chuối cau,Trái,Chín
image/img000321.jpg,Chuối cau,Nải,Xanh
image/img002285.jpg,Chuối sáp,Buồng,Chín
image/img001537.jpg,Chuối già,Nải,Chín
image/img000261.jpg,Chuối cau,Nải,Chín
image/img002355.jpg,Chuối sáp,Buồng,Xanh
image/img000806.jpg,Chuối cau,Trái,Xanh
image/img000951.jpg,Chuối cau,Trái,Xanh
image/img000769.jpg,Chuối cau,Trái,Xanh
image/img001336.jpg,Chuối già,Buồng,Xanh
image/img001576.jpg,Chuối già,Nải,Xanh
image/img000760.jpg,Chuối cau,Trái,Xanh
image/img002181.jpg,Chuối già,Trái,Xanh
image/img002035.jpg,Chuối già,Trái,Xanh
image/img000462.jpg,Chuối cau,Trái,Chín
image/img002884.jpg,Chuối sáp,Trái,Chín
image/img004553.jpg,Chuối xiêm,Trái,Chín
image/img003049.jpg,Chuối sáp,Trái,Xanh
image/img004200.jpg,Chuối xiêm,Nải,Chín
image/img000207.jpg,Chuối cau,Nải,Chín
image/img003461.jpg,Chuối sáp,Trái,Xanh
image/img004395.jpg,Chuối xiêm,Trái,Chín
image/img003491.jpg,Chuối sáp,Trái,Xanh
image/img001089.jpg,Chuối cau,Trái,Xanh
image/img004833.jpg,Chuối xiêm,Trái,Xanh
image/img000221.jpg,Chuối cau,Nải,Chín
image/img002485.jpg,Chuối sáp,Nải,Xanh
image/img005087.jpg,Chuối xiêm,Trái,Xanh
image/img000359.jpg,Chuối cau,Trái,Chín
image/img004117.jpg,Chuối xiêm,Buồng,Xanh
image/img000916.jpg,Chuối cau,Trái,Xanh
image/img003351.jpg,Chuối sáp,Trái,Xanh
image/img000208.jpg,Chuối cau,Nải,Chín
image/img002782.jpg,Chuối sáp,Trái,Chín
image/img000230.jpg,Chuối cau,Nải,Chín
image/img000846.jpg,Chuối cau,Trái,Xanh
image/img001753.jpg,Chuối già,Trái,Chín
image/img000019.jpg,Chuối cau,Buồng,Chín
image/img000031.jpg,Chuối cau,Buồng,Chín
image/img002212.jpg,Chuối già,Trái,Xanh
image/img001646.jpg,Chuối già,Nải,Xanh
image/img002922.jpg,Chuối sáp,Trái,Chín
image/img003742.jpg,Chuối táo quạ,Trái,Chín
image/img001768.jpg,Chuối già,Trái,Chín
image/img000698.jpg,Chuối cau,Trái,Chín
image/img004486.jpg,Chuối xiêm,Trái,Chín
image/img000675.jpg,Chuối cau,Trái,Chín
image/img002447.jpg,Chuối sáp,Nải,Chín
image/img000330.jpg,Chuối cau,Nải,Xanh
image/img003057.jpg,Chuối sáp,Trái,Xanh
image/img002998.jpg,Chuối sáp,Trái,Xanh
image/img004455.jpg,Chuối xiêm,Trái,Chín
image/img004639.jpg,Chuối xiêm,Trái,Chín
image/img001809.jpg,Chuối già,Trái,Chín
image/img004420.jpg,Chuối xiêm,Trái,Chín
image/img001226.jpg,Chuối già,Buồng,Xanh
image/img003837.jpg,Chuối xiêm,Buồng,Chín
image/img000604.jpg,Chuối cau,Trái,Chín
image/img000660.jpg,Chuối cau,Trái,Chín
image/img003490.jpg,Chuối sáp,Trái,Xanh
image/img000028.jpg,Chuối cau,Buồng,Chín
image/img000379.jpg,Chuối cau,Trái,Chín
image/img000577.jpg,Chuối cau,Trái,Chín
image/img000204.jpg,Chuối cau,Nải,Chín
image/img002757.jpg,Chuối sáp,Trái,Chín
image/img002811.jpg,Chuối sáp,Trái,Chín
image/img000067.jpg,Chuối cau,Buồng,Xanh
image/img002770.jpg,Chuối sáp,Trái,Chín
image/img000414.jpg,Chuối cau,Trái,Chín
image/img002206.jpg,Chuối già,Trái,Xanh
image/img004389.jpg,Chuối xiêm,Trái,Chín
image/img002191.jpg,Chuối già,Trái,Xanh
image/img003658.jpg,Chuối táo quạ,Nải,Chín
image/img001764.jpg,Chuối già,Trái,Chín
image/img003266.jpg,Chuối sáp,Trái,Xanh
image/img001781.jpg,Chuối già,Trái,Chín
image/img004816.jpg,Chuối xiêm,Trái,Xanh
image/img000079.jpg,Chuối cau,Buồng,Xanh
image/img004872.jpg,Chuối xiêm,Trái,Xanh
image/img003223.jpg,Chuối sáp,Trái,Xanh
image/img004607.jpg,Chuối xiêm,Trái,Chín
image/img005033.jpg,Chuối xiêm,Trái,Xanh
image/img001148.jpg,Chuối già,Buồng,Xanh
image/img003177.jpg,Chuối sáp,Trái,Xanh
image/img000831.jpg,Chuối cau,Trái,Xanh
image/img003755.jpg,Chuối táo quạ,Trái,Chín
image/img004951.jpg,Chuối xiêm,Trái,Xanh
image/img002051.jpg,Chuối già,Trái,Xanh
image/img005111.jpg,Chuối xiêm,Trái,Xanh
image/img003487.jpg,Chuối sáp,Trái,Xanh
image/img004765.jpg,Chuối xiêm,Trái,Xanh
image/img000500.jpg,Chuối cau,Trái,Chín
image/img004932.jpg,Chuối xiêm,Trái,Xanh
image/img001593.jpg,Chuối già,Nải,Xanh
image/img002965.jpg,Chuối sáp,Trái,Xanh
image/img004577.jpg,Chuối xiêm,Trái,Chín
image/img003650.jpg,Chuối táo quạ,Nải,Chín
image/img005129.jpg,Chuối xiêm,Trái,Xanh
image/img003791.jpg,Chuối táo quạ,Trái,Xanh
image/img001844.jpg,Chuối già,Trái,Chín
image/img001685.jpg,Chuối già,Trái,Chín
image/img003008.jpg,Chuối sáp,Trái,Xanh
image/img000483.jpg,Chuối cau,Trái,Chín
image/img004202.jpg,Chuối xiêm,Nải,Chín
image/img001823.jpg,Chuối già,Trái,Chín
image/img001087.jpg,Chuối cau,Trái,Xanh
image/img000556.jpg,Chuối cau,Trái,Chín
image/img004378.jpg,Chuối xiêm,Trái,Chín
image/img004930.jpg,Chuối xiêm,Trái,Xanh
image/img004864.jpg,Chuối xiêm,Trái,Xanh
image/img002729.jpg,Chuối sáp,Trái,Chín
image/img001895.jpg,Chuối già,Trái,Chín
image/img003138.jpg,Chuối sáp,Trái,Xanh
image/img001734.jpg,Chuối già,Trái,Chín
image/img000560.jpg,Chuối cau,Trái,Chín
image/img000420.jpg,Chuối cau,Trái,Chín
image/img004186.jpg,Chuối xiêm,Nải,Chín
image/img000484.jpg,Chuối cau,Trái,Chín
image/img002190.jpg,Chuối già,Trái,Xanh
image/img002343.jpg,Chuối sáp,Buồng,Xanh
image/img005055.jpg,Chuối xiêm,Trái,Xanh
image/img003321.jpg,Chuối sáp,Trái,Xanh
image/img002804.jpg,Chuối sáp,Trái,Chín
image/img000346.jpg,Chuối cau,Nải,Xanh
image/img005167.jpg,Chuối xiêm,Trái,Xanh
image/img000649.jpg,Chuối cau,Trái,Chín
image/img002889.jpg,Chuối sáp,Trái,Chín
image/img002296.jpg,Chuối sáp,Buồng,Chín
image/img002164.jpg,Chuối già,Trái,Xanh
image/img003817.jpg,Chuối táo quạ,Trái,Xanh
image/img004768.jpg,Chuối xiêm,Trái,Xanh
image/img002171.jpg,Chuối già,Trái,Xanh
image/img004533.jpg,Chuối xiêm,Trái,Chín
image/img001600.jpg,Chuối già,Nải,Xanh
image/img002990.jpg,Chuối sáp,Trái,Xanh
image/img003354.jpg,Chuối sáp,Trái,Xanh
image/img001034.jpg,Chuối cau,Trái,Xanh
image/img002602.jpg,Chuối sáp,Trái,Chín
image/img001300.jpg,Chuối già,Buồng,Xanh
image/img005133.jpg,Chuối xiêm,Trái,Xanh
image/img000875.jpg,Chuối cau,Trái,Xanh
image/img004976.jpg,Chuối xiêm,Trái,Xanh
image/img003158.jpg,Chuối sáp,Trái,Xanh
image/img000657.jpg,Chuối cau,Trái,Chín
image/img002193.jpg,Chuối già,Trái,Xanh
image/img004865.jpg,Chuối xiêm,Trái,Xanh
image/img000486.jpg,Chuối cau,Trái,Chín
image/img003483.jpg,Chuối sáp,Trái,Xanh
image/img003359.jpg,Chuối sáp,Trái,Xanh
image/img004284.jpg,Chuối xiêm,Nải,Xanh
image/img003883.jpg,Chuối xiêm,Buồng,Chín
image/img003853.jpg,Chuối xiêm,Buồng,Chín
image/img001859.jpg,Chuối già,Trái,Chín
image/img000841.jpg,Chuối cau,Trái,Xanh
image/img000004.jpg,Chuối cau,Buồng,Chín
image/img001278.jpg,Chuối già,Buồng,Xanh
image/img002812.jpg,Chuối sáp,Trái,Chín
image/img000248.jpg,Chuối cau,Nải,Chín
image/img003289.jpg,Chuối sáp,Trái,Xanh
image/img000584.jpg,Chuối cau,Trái,Chín
image/img004990.jpg,Chuối xiêm,Trái,Xanh
image/img004231.jpg,Chuối xiêm,Nải,Chín
image/img004722.jpg,Chuối xiêm,Trái,Xanh
image/img001943.jpg,Chuối già,Trái,Chín
image/img004408.jpg,Chuối xiêm,Trái,Chín
image/img004919.jpg,Chuối xiêm,Trái,Xanh
image/img000264.jpg,Chuối cau,Nải,Chín
image/img002558.jpg,Chuối sáp,Nải,Xanh
image/img001153.jpg,Chuối già,Buồng,Xanh
image/img004548.jpg,Chuối xiêm,Trái,Chín
image/img003323.jpg,Chuối sáp,Trái,Xanh
image/img002250.jpg,Chuối già,Trái,Xanh
image/img001273.jpg,Chuối già,Buồng,Xanh
image/img000796.jpg,Chuối cau,Trái,Xanh
image/img003130.jpg,Chuối sáp,Trái,Xanh
image/img000600.jpg,Chuối cau,Trái,Chín
image/img000175.jpg,Chuối cau,Nải,Chín
image/img003744.jpg,Chuối táo quạ,Trái,Chín
image/img004675.jpg,Chuối xiêm,Trái,Xanh
image/img003556.jpg,Chuối táo quạ,Buồng,Xanh
image/img004999.jpg,Chuối xiêm,Trái,Xanh
image/img000892.jpg,Chuối cau,Trái,Xanh
image/img002297.jpg,Chuối sáp,Buồng,Chín
image/img001759.jpg,Chuối già,Trái,Chín
image/img004588.jpg,Chuối xiêm,Trái,Chín
image/img000197.jpg,Chuối cau,Nải,Chín
image/img002469.jpg,Chuối sáp,Nải,Chín
image/img003129.jpg,Chuối sáp,Trái,Xanh
image/img001883.jpg,Chuối già,Trái,Chín
image/img005185.jpg,Chuối xiêm,Trái,Xanh
image/img004304.jpg,Chuối xiêm,Trái,Chín
image/img003402.jpg,Chuối sáp,Trái,Xanh
image/img003151.jpg,Chuối sáp,Trái,Xanh
image/img002731.jpg,Chuối sáp,Trái,Chín
image/img000942.jpg,Chuối cau,Trái,Xanh
image/img002681.jpg,Chuối sáp,Trái,Chín
image/img002024.jpg,Chuối già,Trái,Xanh
image/img002697.jpg,Chuối sáp,Trái,Chín
image/img003137.jpg,Chuối sáp,Trái,Xanh
image/img004460.jpg,Chuối xiêm,Trái,Chín
image/img004571.jpg,Chuối xiêm,Trái,Chín
image/img002426.jpg,Chuối sáp,Nải,Chín
image/img003933.jpg,Chuối xiêm,Buồng,Xanh
image/img002049.jpg,Chuối già,Trái,Xanh
image/img001773.jpg,Chuối già,Trái,Chín
image/img003584.jpg,Chuối táo quạ,Buồng,Xanh
image/img002300.jpg,Chuối sáp,Buồng,Chín
image/img000082.jpg,Chuối cau,Buồng,Xanh
image/img001665.jpg,Chuối già,Nải,Xanh
image/img003084.jpg,Chuối sáp,Trái,Xanh
image/img001652.jpg,Chuối già,Nải,Xanh
image/img002185.jpg,Chuối già,Trái,Xanh
image/img004789.jpg,Chuối xiêm,Trái,Xanh
image/img001573.jpg,Chuối già,Nải,Xanh
image/img003534.jpg,Chuối táo quạ,Buồng,Xanh
image/img001894.jpg,Chuối già,Trái,Chín
image/img002353.jpg,Chuối sáp,Buồng,Xanh
image/img000763.jpg,Chuối cau,Trái,Xanh
image/img003310.jpg,Chuối sáp,Trái,Xanh
image/img003647.jpg,Chuối táo quạ,Nải,Chín
image/img001817.jpg,Chuối già,Trái,Chín
image/img000776.jpg,Chuối cau,Trái,Xanh
image/img000852.jpg,Chuối cau,Trái,Xanh
image/img000365.jpg,Chuối cau,Trái,Chín
image/img003481.jpg,Chuối sáp,Trái,Xanh
image/img000367.jpg,Chuối cau,Trái,Chín
image/img004631.jpg,Chuối xiêm,Trái,Chín
image/img001955.jpg,Chuối già,Trái,Chín
image/img002609.jpg,Chuối sáp,Trái,Chín
image/img000565.jpg,Chuối cau,Trái,Chín
image/img001992.jpg,Chuối già,Trái,Chín
image/img003370.jpg,Chuối sáp,Trái,Xanh
image/img001691.jpg,Chuối già,Trái,Chín
image/img001739.jpg,Chuối già,Trái,Chín
image/img003782.jpg,Chuối táo quạ,Trái,Xanh
image/img004495.jpg,Chuối xiêm,Trái,Chín
image/img004796.jpg,Chuối xiêm,Trái,Xanh
image/img001075.jpg,Chuối cau,Trái,Xanh
image/img000995.jpg,Chuối cau,Trái,Xanh
image/img003707.jpg,Chuối táo quạ,Nải,Xanh
image/img004882.jpg,Chuối xiêm,Trái,Xanh
image/img001968.jpg,Chuối già,Trái,Chín
image/img004367.jpg,Chuối xiêm,Trái,Chín
image/img003012.jpg,Chuối sáp,Trái,Xanh
image/img003088.jpg,Chuối sáp,Trái,Xanh
image/img004787.jpg,Chuối xiêm,Trái,Xanh
image/img004161.jpg,Chuối xiêm,Nải,Chín
image/img003798.jpg,Chuối táo quạ,Trái,Xanh
image/img001046.jpg,Chuối cau,Trái,Xanh
image/img003558.jpg,Chuối táo quạ,Buồng,Xanh
image/img000005.jpg,Chuối cau,Buồng,Chín
image/img002616.jpg,Chuối sáp,Trái,Chín
image/img003597.jpg,Chuối táo quạ,Buồng,Xanh
image/img004514.jpg,Chuối xiêm,Trái,Chín
image/img001926.jpg,Chuối già,Trái,Chín
image/img000524.jpg,Chuối cau,Trái,Chín
image/img002305.jpg,Chuối sáp,Buồng,Chín
image/img002503.jpg,Chuối sáp,Nải,Xanh
image/img002301.jpg,Chuối sáp,Buồng,Chín
image/img001974.jpg,Chuối già,Trái,Chín
image/img000880.jpg,Chuối cau,Trái,Xanh
image/img004070.jpg,Chuối xiêm,Buồng,Xanh
image/img002550.jpg,Chuối sáp,Nải,Xanh
image/img005011.jpg,Chuối xiêm,Trái,Xanh
image/img003459.jpg,Chuối sáp,Trái,Xanh
image/img002055.jpg,Chuối già,Trái,Xanh
image/img001367.jpg,Chuối già,Buồng,Xanh
image/img001738.jpg,Chuối già,Trái,Chín
image/img000573.jpg,Chuối cau,Trái,Chín
image/img003703.jpg,Chuối táo quạ,Nải,Xanh
image/img004597.jpg,Chuối xiêm,Trái,Chín
image/img000015.jpg,Chuối cau,Buồng,Chín
image/img003296.jpg,Chuối sáp,Trái,Xanh
image/img002856.jpg,Chuối sáp,Trái,Chín
image/img005194.jpg,Chuối xiêm,Trái,Xanh
image/img003125.jpg,Chuối sáp,Trái,Xanh
image/img002063.jpg,Chuối già,Trái,Xanh
image/img000567.jpg,Chuối cau,Trái,Chín
image/img001649.jpg,Chuối già,Nải,Xanh
image/img001924.jpg,Chuối già,Trái,Chín
image/img001589.jpg,Chuối già,Nải,Xanh
image/img004582.jpg,Chuối xiêm,Trái,Chín
image/img002842.jpg,Chuối sáp,Trái,Chín
image/img000389.jpg,Chuối cau,Trái,Chín
image/img002272.jpg,Chuối già,Trái,Xanh
image/img004926.jpg,Chuối xiêm,Trái,Xanh
image/img002025.jpg,Chuối già,Trái,Xanh
image/img001395.jpg,Chuối già,Buồng,Xanh
image/img003862.jpg,Chuối xiêm,Buồng,Chín
image/img004182.jpg,Chuối xiêm,Nải,Chín
image/img002158.jpg,Chuối già,Trái,Xanh
image/img002737.jpg,Chuối sáp,Trái,Chín
image/img000798.jpg,Chuối cau,Trái,Xanh
image/img001315.jpg,Chuối già,Buồng,Xanh
image/img004801.jpg,Chuối xiêm,Trái,Xanh
image/img004915.jpg,Chuối xiêm,Trái,Xanh
image/img002188.jpg,Chuối già,Trái,Xanh
image/img001904.jpg,Chuối già,Trái,Chín
image/img005052.jpg,Chuối xiêm,Trái,Xanh
image/img003614.jpg,Chuối táo quạ,Buồng,Xanh
image/img002680.jpg,Chuối sáp,Trái,Chín
image/img005014.jpg,Chuối xiêm,Trái,Xanh
image/img001945.jpg,Chuối già,Trái,Chín
image/img000949.jpg,Chuối cau,Trái,Xanh
image/img002327.jpg,Chuối sáp,Buồng,Xanh
image/img003726.jpg,Chuối táo quạ,Nải,Xanh
image/img003900.jpg,Chuối xiêm,Buồng,Xanh
image/img003904.jpg,Chuối xiêm,Buồng,Xanh
image/img002927.jpg,Chuối sáp,Trái,Chín
image/img001465.jpg,Chuối già,Nải,Chín
image/img000162.jpg,Chuối cau,Buồng,Xanh
image/img000299.jpg,Chuối cau,Nải,Xanh
image/img002544.jpg,Chuối sáp,Nải,Xanh
image/img000266.jpg,Chuối cau,Nải,Chín
image/img002482.jpg,Chuối sáp,Nải,Xanh
image/img002596.jpg,Chuối sáp,Trái,Chín
image/img002194.jpg,Chuối già,Trái,Xanh
image/img003311.jpg,Chuối sáp,Trái,Xanh
image/img001840.jpg,Chuối già,Trái,Chín
image/img002615.jpg,Chuối sáp,Trái,Chín
image/img001357.jpg,Chuối già,Buồng,Xanh
image/img000572.jpg,Chuối cau,Trái,Chín
image/img001343.jpg,Chuối già,Buồng,Xanh
image/img001104.jpg,Chuối cau,Trái,Xanh
image/img001257.jpg,Chuối già,Buồng,Xanh
image/img003133.jpg,Chuối sáp,Trái,Xanh
image/img002230.jpg,Chuối già,Trái,Xanh
image/img002155.jpg,Chuối già,Trái,Xanh
image/img003971.jpg,Chuối xiêm,Buồng,Xanh
image/img000705.jpg,Chuối cau,Trái,Chín
image/img002105.jpg,Chuối già,Trái,Xanh
image/img004256.jpg,Chuối xiêm,Nải,Xanh
image/img001822.jpg,Chuối già,Trái,Chín
image/img001024.jpg,Chuối cau,Trái,Xanh
image/img004509.jpg,Chuối xiêm,Trái,Chín
image/img000902.jpg,Chuối cau,Trái,Xanh
image/img000570.jpg,Chuối cau,Trái,Chín
image/img000620.jpg,Chuối cau,Trái,Chín
image/img000528.jpg,Chuối cau,Trái,Chín
image/img004181.jpg,Chuối xiêm,Nải,Chín
image/img004437.jpg,Chuối xiêm,Trái,Chín
image/img004825.jpg,Chuối xiêm,Trái,Xanh
image/img002078.jpg,Chuối già,Trái,Xanh
image/img002987.jpg,Chuối sáp,Trái,Xanh
image/img003420.jpg,Chuối sáp,Trái,Xanh
image/img002429.jpg,Chuối sáp,Nải,Chín
image/img000716.jpg,Chuối cau,Trái,Chín
image/img000329.jpg,Chuối cau,Nải,Xanh
image/img001478.jpg,Chuối già,Nải,Chín
image/img000748.jpg,Chuối cau,Trái,Chín
image/img000948.jpg,Chuối cau,Trái,Xanh
image/img005118.jpg,Chuối xiêm,Trái,Xanh
image/img002369.jpg,Chuối sáp,Buồng,Xanh
image/img003528.jpg,Chuối táo quạ,Buồng,Chín
image/img004014.jpg,Chuối xiêm,Buồng,Xanh
image/img000598.jpg,Chuối cau,Trái,Chín
image/img001587.jpg,Chuối già,Nải,Xanh
image/img001814.jpg,Chuối già,Trái,Chín
image/img004379.jpg,Chuối xiêm,Trái,Chín
image/img003814.jpg,Chuối táo quạ,Trái,Xanh
image/img002598.jpg,Chuối sáp,Trái,Chín
image/img001958.jpg,Chuối già,Trái,Chín
image/img003921.jpg,Chuối xiêm,Buồng,Xanh
image/img004830.jpg,Chuối xiêm,Trái,Xanh
image/img001218.jpg,Chuối già,Buồng,Xanh
image/img002389.jpg,Chuối sáp,Buồng,Xanh
image/img004711.jpg,Chuối xiêm,Trái,Xanh
image/img004642.jpg,Chuối xiêm,Trái,Chín
image/img002746.jpg,Chuối sáp,Trái,Chín
image/img002490.jpg,Chuối sáp,Nải,Xanh
image/img004216.jpg,Chuối xiêm,Nải,Chín
image/img000447.jpg,Chuối cau,Trái,Chín
image/img001746.jpg,Chuối già,Trái,Chín
image/img003773.jpg,Chuối táo quạ,Trái,Chín
image/img002594.jpg,Chuối sáp,Trái,Chín
image/img001312.jpg,Chuối già,Buồng,Xanh
image/img000768.jpg,Chuối cau,Trái,Xanh
image/img002901.jpg,Chuối sáp,Trái,Chín
image/img000986.jpg,Chuối cau,Trái,Xanh
image/img003758.jpg,Chuối táo quạ,Trái,Chín
image/img000056.jpg,Chuối cau,Buồng,Xanh
image/img004826.jpg,Chuối xiêm,Trái,Xanh
image/img004657.jpg,Chuối xiêm,Trái,Xanh
image/img001980.jpg,Chuối già,Trái,Chín
image/img001484.jpg,Chuối già,Nải,Chín
image/img002204.jpg,Chuối già,Trái,Xanh
image/img003397.jpg,Chuối sáp,Trái,Xanh
image/img000317.jpg,Chuối cau,Nải,Xanh
image/img000097.jpg,Chuối cau,Buồng,Xanh
image/img002039.jpg,Chuối già,Trái,Xanh
image/img002514.jpg,Chuối sáp,Nải,Xanh
image/img002455.jpg,Chuối sáp,Nải,Chín
image/img000810.jpg,Chuối cau,Trái,Xanh
image/img001440.jpg,Chuối già,Nải,Chín
image/img000123.jpg,Chuối cau,Buồng,Xanh
image/img002664.jpg,Chuối sáp,Trái,Chín
image/img002020.jpg,Chuối già,Trái,Xanh
image/img003267.jpg,Chuối sáp,Trái,Xanh
image/img004707.jpg,Chuối xiêm,Trái,Xanh
image/img004438.jpg,Chuối xiêm,Trái,Chín
image/img003180.jpg,Chuối sáp,Trái,Xanh
image/img001076.jpg,Chuối cau,Trái,Xanh
image/img000889.jpg,Chuối cau,Trái,Xanh
image/img000478.jpg,Chuối cau,Trái,Chín
image/img001328.jpg,Chuối già,Buồng,Xanh
image/img004006.jpg,Chuối xiêm,Buồng,Xanh
image/img000469.jpg,Chuối cau,Trái,Chín
image/img002794.jpg,Chuối sáp,Trái,Chín
image/img002477.jpg,Chuối sáp,Nải,Xanh
image/img003299.jpg,Chuối sáp,Trái,Xanh
image/img002578.jpg,Chuối sáp,Trái,Chín
image/img003920.jpg,Chuối xiêm,Buồng,Xanh
image/img003013.jpg,Chuối sáp,Trái,Xanh
image/img000585.jpg,Chuối cau,Trái,Chín
image/img004567.jpg,Chuối xiêm,Trái,Chín
image/img004030.jpg,Chuối xiêm,Buồng,Xanh
image/img001271.jpg,Chuối già,Buồng,Xanh
image/img001647.jpg,Chuối già,Nải,Xanh
image/img001055.jpg,Chuối cau,Trái,Xanh
image/img000621.jpg,Chuối cau,Trái,Chín
image/img004463.jpg,Chuối xiêm,Trái,Chín
image/img004512.jpg,Chuối xiêm,Trái,Chín
image/img001477.jpg,Chuối già,Nải,Chín
image/img002833.jpg,Chuối sáp,Trái,Chín
image/img002567.jpg,Chuối sáp,Trái,Chín
image/img005117.jpg,Chuối xiêm,Trái,Xanh
image/img003494.jpg,Chuối sáp,Trái,Xanh
image/img000503.jpg,Chuối cau,Trái,Chín
image/img004449.jpg,Chuối xiêm,Trái,Chín
image/img000899.jpg,Chuối cau,Trái,Xanh
image/img003613.jpg,Chuối táo quạ,Buồng,Xanh
image/img001138.jpg,Chuối già,Buồng,Chín
image/img001846.jpg,Chuối già,Trái,Chín
image/img004009.jpg,Chuối xiêm,Buồng,Xanh
image/img003902.jpg,Chuối xiêm,Buồng,Xanh
image/img000843.jpg,Chuối cau,Trái,Xanh
image/img001801.jpg,Chuối già,Trái,Chín
image/img000917.jpg,Chuối cau,Trái,Xanh
image/img001353.jpg,Chuối già,Buồng,Xanh
image/img001406.jpg,Chuối già,Buồng,Xanh
image/img003052.jpg,Chuối sáp,Trái,Xanh
image/img001294.jpg,Chuối già,Buồng,Xanh
image/img004774.jpg,Chuối xiêm,Trái,Xanh
image/img004586.jpg,Chuối xiêm,Trái,Chín
image/img003586.jpg,Chuối táo quạ,Buồng,Xanh
image/img004564.jpg,Chuối xiêm,Trái,Chín
image/img004327.jpg,Chuối xiêm,Trái,Chín
image/img001743.jpg,Chuối già,Trái,Chín
