image,split
image/img004473.jpg,train
image/img002956.jpg,train
image/img001885.jpg,train
image/img001297.jpg,train
image/img001577.jpg,train
image/img001575.jpg,train
image/img001632.jpg,train
image/img004004.jpg,train
image/img004692.jpg,train
image/img003546.jpg,train
image/img002076.jpg,train
image/img001769.jpg,train
image/img002009.jpg,train
image/img000920.jpg,train
image/img002176.jpg,train
image/img002525.jpg,train
image/img002065.jpg,train
image/img002714.jpg,train
image/img001212.jpg,train
image/img000588.jpg,train
image/img003599.jpg,train
image/img003545.jpg,train
image/img001026.jpg,train
image/img004443.jpg,train
image/img000546.jpg,train
image/img002935.jpg,train
image/img003293.jpg,train
image/img000382.jpg,train
image/img004643.jpg,train
image/img004691.jpg,train
image/img005149.jpg,train
image/img004128.jpg,train
image/img001309.jpg,train
image/img003469.jpg,train
image/img004267.jpg,train
image/img001175.jpg,train
image/img001048.jpg,train
image/img004196.jpg,train
image/img002295.jpg,train
image/img001518.jpg,train
image/img000823.jpg,train
image/img003392.jpg,train
image/img003786.jpg,train
image/img000472.jpg,train
image/img003332.jpg,train
image/img004229.jpg,train
image/img005035.jpg,train
image/img004462.jpg,train
image/img004215.jpg,train
image/img000061.jpg,train
image/img001337.jpg,train
image/img000771.jpg,train
image/img000418.jpg,train
image/img000321.jpg,train
image/img002285.jpg,train
image/img001537.jpg,train
image/img000261.jpg,train
image/img002355.jpg,train
image/img000806.jpg,train
image/img000951.jpg,train
image/img000769.jpg,train
image/img001336.jpg,train
image/img001576.jpg,train
image/img000760.jpg,train
image/img002181.jpg,train
image/img002035.jpg,train
image/img000462.jpg,train
image/img002884.jpg,train
image/img004553.jpg,train
image/img003049.jpg,train
image/img004200.jpg,train
image/img000207.jpg,train
image/img003461.jpg,train
image/img004395.jpg,train
image/img003491.jpg,train
image/img001089.jpg,train
image/img004833.jpg,train
image/img000221.jpg,train
image/img002485.jpg,train
image/img005087.jpg,train
image/img000359.jpg,train
image/img004117.jpg,train
image/img000916.jpg,train
image/img003351.jpg,train
image/img000208.jpg,train
image/img002782.jpg,train
image/img000230.jpg,train
image/img000846.jpg,train
image/img001753.jpg,train
image/img000019.jpg,train
image/img000031.jpg,train
image/img002212.jpg,train
image/img001646.jpg,train
image/img002922.jpg,train
image/img003742.jpg,train
image/img001768.jpg,train
image/img000698.jpg,train
image/img004486.jpg,train
image/img000675.jpg,train
image/img002447.jpg,train
image/img000330.jpg,train
image/img003057.jpg,train
image/img002998.jpg,train
image/img004455.jpg,train
image/img004639.jpg,train
image/img001809.jpg,train
image/img004420.jpg,train
image/img001226.jpg,train
image/img003837.jpg,train
image/img000604.jpg,train
image/img000660.jpg,train
image/img003490.jpg,train
image/img000028.jpg,train
image/img000379.jpg,train
image/img000577.jpg,train
image/img000204.jpg,train
image/img002757.jpg,train
image/img002811.jpg,train
image/img000067.jpg,train
image/img002770.jpg,train
image/img000414.jpg,train
image/img002206.jpg,train
image/img004389.jpg,train
image/img002191.jpg,train
image/img003658.jpg,train
image/img001764.jpg,train
image/img003266.jpg,train
image/img001781.jpg,train
image/img004816.jpg,train
image/img000079.jpg,train
image/img004872.jpg,train
image/img003223.jpg,train
image/img004607.jpg,train
image/img005033.jpg,train
image/img001148.jpg,train
image/img003177.jpg,train
image/img000831.jpg,train
image/img003755.jpg,train
image/img004951.jpg,train
image/img002051.jpg,train
image/img005111.jpg,train
image/img003487.jpg,train
image/img004765.jpg,train
image/img000500.jpg,train
image/img004932.jpg,train
image/img001593.jpg,train
image/img002965.jpg,train
image/img004577.jpg,train
image/img003650.jpg,train
image/img005129.jpg,train
image/img003791.jpg,train
image/img001844.jpg,train
image/img001685.jpg,train
image/img003008.jpg,train
image/img000483.jpg,train
image/img004202.jpg,train
image/img001823.jpg,train
image/img001087.jpg,train
image/img000556.jpg,train
image/img004378.jpg,train
image/img004930.jpg,train
image/img004864.jpg,train
image/img002729.jpg,train
image/img001895.jpg,train
image/img003138.jpg,train
image/img001734.jpg,train
image/img000560.jpg,train
image/img000420.jpg,train
image/img004186.jpg,train
image/img000484.jpg,train
image/img002190.jpg,train
image/img002343.jpg,train
image/img005055.jpg,train
image/img003321.jpg,train
image/img002804.jpg,train
image/img000346.jpg,train
image/img005167.jpg,train
image/img000649.jpg,train
image/img002889.jpg,train
image/img002296.jpg,train
image/img002164.jpg,train
image/img003817.jpg,train
image/img004768.jpg,train
image/img002171.jpg,train
image/img004533.jpg,train
image/img001600.jpg,train
image/img002990.jpg,train
image/img003354.jpg,train
image/img001034.jpg,train
image/img002602.jpg,train
image/img001300.jpg,train
image/img005133.jpg,train
image/img000875.jpg,train
image/img004976.jpg,train
image/img003158.jpg,train
image/img000657.jpg,train
image/img002193.jpg,train
image/img004865.jpg,train
image/img000486.jpg,train
image/img003483.jpg,train
image/img003359.jpg,train
image/img004284.jpg,train
image/img003883.jpg,train
image/img003853.jpg,train
image/img001859.jpg,train
image/img000841.jpg,train
image/img000004.jpg,train
image/img001278.jpg,train
image/img002812.jpg,train
image/img000248.jpg,train
image/img003289.jpg,train
image/img000584.jpg,train
image/img004990.jpg,train
image/img004231.jpg,train
image/img004722.jpg,train
image/img001943.jpg,train
image/img004408.jpg,train
image/img004919.jpg,train
image/img000264.jpg,train
image/img002558.jpg,train
image/img001153.jpg,train
image/img004548.jpg,train
image/img003323.jpg,train
image/img002250.jpg,train
image/img001273.jpg,train
image/img000796.jpg,train
image/img003130.jpg,train
image/img000600.jpg,train
image/img000175.jpg,train
image/img003744.jpg,train
image/img004675.jpg,train
image/img003556.jpg,train
image/img004999.jpg,train
image/img000892.jpg,train
image/img002297.jpg,train
image/img001759.jpg,train
image/img004588.jpg,train
image/img000197.jpg,train
image/img002469.jpg,train
image/img003129.jpg,train
image/img001883.jpg,train
image/img005185.jpg,train
image/img004304.jpg,train
image/img003402.jpg,train
image/img003151.jpg,train
image/img002731.jpg,train
image/img000942.jpg,train
image/img002681.jpg,train
image/img002024.jpg,train
image/img002697.jpg,train
image/img003137.jpg,train
image/img004460.jpg,train
image/img004571.jpg,train
image/img002426.jpg,train
image/img003933.jpg,train
image/img002049.jpg,train
image/img001773.jpg,train
image/img003584.jpg,train
image/img002300.jpg,train
image/img000082.jpg,train
image/img001665.jpg,train
image/img003084.jpg,train
image/img001652.jpg,train
image/img002185.jpg,train
image/img004789.jpg,train
image/img001573.jpg,train
image/img003534.jpg,train
image/img001894.jpg,train
image/img002353.jpg,train
image/img000763.jpg,train
image/img003310.jpg,train
image/img003647.jpg,train
image/img001817.jpg,train
image/img000776.jpg,train
image/img000852.jpg,train
image/img000365.jpg,train
image/img003481.jpg,train
image/img000367.jpg,train
image/img004631.jpg,train
image/img001955.jpg,train
image/img002609.jpg,train
image/img000565.jpg,train
image/img001992.jpg,train
image/img003370.jpg,train
image/img001691.jpg,train
image/img001739.jpg,train
image/img003782.jpg,train
image/img004495.jpg,train
image/img004796.jpg,train
image/img001075.jpg,train
image/img000995.jpg,train
image/img003707.jpg,train
image/img004882.jpg,train
image/img001968.jpg,train
image/img004367.jpg,train
image/img003012.jpg,train
image/img003088.jpg,train
image/img004787.jpg,train
image/img004161.jpg,train
image/img003798.jpg,train
image/img001046.jpg,train
image/img003558.jpg,train
image/img000005.jpg,train
image/img002616.jpg,train
image/img003597.jpg,train
image/img004514.jpg,train
image/img001926.jpg,train
image/img000524.jpg,train
image/img002305.jpg,train
image/img002503.jpg,train
image/img002301.jpg,train
image/img001974.jpg,train
image/img000880.jpg,train
image/img004070.jpg,train
image/img002550.jpg,train
image/img005011.jpg,train
image/img003459.jpg,train
image/img002055.jpg,train
image/img001367.jpg,train
image/img001738.jpg,train
image/img000573.jpg,train
image/img003703.jpg,train
image/img004597.jpg,train
image/img000015.jpg,train
image/img003296.jpg,train
image/img002856.jpg,train
image/img005194.jpg,train
image/img003125.jpg,train
image/img002063.jpg,train
image/img000567.jpg,train
image/img001649.jpg,train
image/img001924.jpg,train
image/img001589.jpg,train
image/img004582.jpg,train
image/img002842.jpg,train
image/img000389.jpg,train
image/img002272.jpg,train
image/img004926.jpg,train
image/img002025.jpg,train
image/img001395.jpg,train
image/img003862.jpg,train
image/img004182.jpg,train
image/img002158.jpg,train
image/img002737.jpg,train
image/img000798.jpg,train
image/img001315.jpg,train
image/img004801.jpg,train
image/img004915.jpg,train
image/img002188.jpg,train
image/img001904.jpg,train
image/img005052.jpg,val
image/img003614.jpg,val
image/img002680.jpg,val
image/img005014.jpg,val
image/img001945.jpg,val
image/img000949.jpg,val
image/img002327.jpg,val
image/img003726.jpg,val
image/img003900.jpg,val
image/img003904.jpg,val
image/img002927.jpg,val
image/img001465.jpg,val
image/img000162.jpg,val
image/img000299.jpg,val
image/img002544.jpg,val
image/img000266.jpg,val
image/img002482.jpg,val
image/img002596.jpg,val
image/img002194.jpg,val
image/img003311.jpg,val
image/img001840.jpg,val
image/img002615.jpg,val
image/img001357.jpg,val
image/img000572.jpg,val
image/img001343.jpg,val
image/img001104.jpg,val
image/img001257.jpg,val
image/img003133.jpg,val
image/img002230.jpg,val
image/img002155.jpg,val
image/img003971.jpg,val
image/img000705.jpg,val
image/img002105.jpg,val
image/img004256.jpg,val
image/img001822.jpg,val
image/img001024.jpg,val
image/img004509.jpg,val
image/img000902.jpg,val
image/img000570.jpg,val
image/img000620.jpg,val
image/img000528.jpg,val
image/img004181.jpg,val
image/img004437.jpg,val
image/img004825.jpg,val
image/img002078.jpg,val
image/img002987.jpg,val
image/img003420.jpg,val
image/img002429.jpg,val
image/img000716.jpg,val
image/img000329.jpg,val
image/img001478.jpg,val
image/img000748.jpg,val
image/img000948.jpg,val
image/img005118.jpg,val
image/img002369.jpg,val
image/img003528.jpg,val
image/img004014.jpg,val
image/img000598.jpg,val
image/img001587.jpg,val
image/img001814.jpg,val
image/img004379.jpg,val
image/img003814.jpg,val
image/img002598.jpg,val
image/img001958.jpg,val
image/img003921.jpg,val
image/img004830.jpg,val
image/img001218.jpg,val
image/img002389.jpg,val
image/img004711.jpg,val
image/img004642.jpg,val
image/img002746.jpg,val
image/img002490.jpg,val
image/img004216.jpg,val
image/img000447.jpg,val
image/img001746.jpg,val
image/img003773.jpg,test
image/img002594.jpg,test
image/img001312.jpg,test
image/img000768.jpg,test
image/img002901.jpg,test
image/img000986.jpg,test
image/img003758.jpg,test
image/img000056.jpg,test
image/img004826.jpg,test
image/img004657.jpg,test
image/img001980.jpg,test
image/img001484.jpg,test
image/img002204.jpg,test
image/img003397.jpg,test
image/img000317.jpg,test
image/img000097.jpg,test
image/img002039.jpg,test
image/img002514.jpg,test
image/img002455.jpg,test
image/img000810.jpg,test
image/img001440.jpg,test
image/img000123.jpg,test
image/img002664.jpg,test
image/img002020.jpg,test
image/img003267.jpg,test
image/img004707.jpg,test
image/img004438.jpg,test
image/img003180.jpg,test
image/img001076.jpg,test
image/img000889.jpg,test
image/img000478.jpg,test
image/img001328.jpg,test
image/img004006.jpg,test
image/img000469.jpg,test
image/img002794.jpg,test
image/img002477.jpg,test
image/img003299.jpg,test
image/img002578.jpg,test
image/img003920.jpg,test
image/img003013.jpg,test
image/img000585.jpg,test
image/img004567.jpg,test
image/img004030.jpg,test
image/img001271.jpg,test
image/img001647.jpg,test
image/img001055.jpg,test
image/img000621.jpg,test
image/img004463.jpg,test
image/img004512.jpg,test
image/img001477.jpg,test
image/img002833.jpg,test
image/img002567.jpg,test
image/img005117.jpg,test
image/img003494.jpg,test
image/img000503.jpg,test
image/img004449.jpg,test
image/img000899.jpg,test
image/img003613.jpg,test
image/img001138.jpg,test
image/img001846.jpg,test
image/img004009.jpg,test
image/img003902.jpg,test
image/img000843.jpg,test
image/img001801.jpg,test
image/img000917.jpg,test
image/img001353.jpg,test
image/img001406.jpg,test
image/img003052.jpg,test
image/img001294.jpg,test
image/img004774.jpg,test
image/img004586.jpg,test
image/img003586.jpg,test
image/img004564.jpg,test
image/img004327.jpg,test
image/img001743.jpg,test
